tempo_medio_de_resposta,numero_de_acertos,tempo_da_sessao
1.2825562953948977,4,22.81582474708557
1.619046115875244,4,23.2174084186554
1.5731821060180664,0,2.621545553207397
0.4723342657089233,1,4.091547250747681
1.5175197919209797,5,30.18035364151001
